PLC/Island 1/events/received/message,"{""value"": ""b'{\""topicName\"":\""VacuumGripper01\"",\""timestamp\"":1.74705128605E12,\""message\"":{\""jsonType\"":\""COMMAND\"",\""type\"":\""VACUUM\"",\""outputId\"":8,\""name\"":\""MOVE\"",\""parameters\"":[{\""passableType\"":\""POSITIONPARAMETERTHREED\"",\""passable\"":{\""vertical\"":1300,\""horizontal\"":900,\""rot\"":2675,\""meaning\"":\""START\""}},{\""passableType\"":\""POSITIONPARAMETERTHREED\"",\""passable\"":{\""vertical\"":950,\""horizontal\"":1850,\""rot\"":2010,\""meaning\"":\""END\""}}]}}'"", ""timestamp"": ""2025-05-12T11:59:01.766666+00:00Z""}",0,True,1747051334.0629826,0.00010347366333007812
PLC/Island 1/events/received/message,"{""value"": ""b'{\""topicName\"":\""VacuumGripper01\"",\""timestamp\"":1.747051357799E12,\""message\"":{\""jsonType\"":\""COMMAND\"",\""type\"":\""VACUUM\"",\""outputId\"":0,\""name\"":\""SETUP\"",\""parameters\"":[]}}'"", ""timestamp"": ""2025-05-12T12:00:13.533985+00:00Z""}",0,False,1747051357.8245149,7.3830108642578125
PLC/Island 1/events/received/message,"{""value"": ""b'{\""topicName\"":\""VacuumGripper02\"",\""timestamp\"":1.747051365038E12,\""message\"":{\""jsonType\"":\""COMMAND\"",\""type\"":\""VACUUM\"",\""outputId\"":1,\""name\"":\""SETUP\"",\""parameters\"":[]}}'"", ""timestamp"": ""2025-05-12T12:00:20.755295+00:00Z""}",0,False,1747051365.0440333,0.004904270172119141
PLC/Island 1/events/received/message,"{""value"": ""b'{\""topicName\"":\""MultiProcessing01\"",\""timestamp\"":1.747051371039E12,\""message\"":{\""jsonType\"":\""COMMAND\"",\""type\"":\""MULTIPROCESSING\"",\""outputId\"":2,\""name\"":\""SETUP\"",\""parameters\"":[]}}'"", ""timestamp"": ""2025-05-12T12:00:26.756034+00:00Z""}",0,False,1747051371.0462613,0.000232696533203125
PLC/Island 1/events/received/message,"{""value"": ""b'{\""topicName\"":\""HighBay01\"",\""timestamp\"":1.747051371041E12,\""message\"":{\""jsonType\"":\""COMMAND\"",\""type\"":\""WAREHOUSE\"",\""outputId\"":3,\""name\"":\""SETUP\"",\""parameters\"":[]}}'"", ""timestamp"": ""2025-05-12T12:00:26.758890+00:00Z""}",0,False,1747051371.0507424,0.00021219253540039062
PLC/Island 1/events/received/message,"{""value"": ""b'{\""topicName\"":\""SortingLine01\"",\""timestamp\"":1.747051371042E12,\""message\"":{\""jsonType\"":\""COMMAND\"",\""type\"":\""SORTING\"",\""outputId\"":4,\""name\"":\""EJECT\"",\""parameters\"":[{\""passableType\"":\""COLOR\"",\""passable\"":{\""color\"":\""RED\""}}]}}'"", ""timestamp"": ""2025-05-12T12:00:26.761788+00:00Z""}",0,False,1747051371.051636,0.00035071372985839844
PLC/Island 1/events/received/message,"{""value"": ""b'{\""topicName\"":\""VacuumGripper02\"",\""timestamp\"":1.747051376513E12,\""message\"":{\""jsonType\"":\""COMMAND\"",\""type\"":\""VACUUM\"",\""outputId\"":5,\""name\"":\""MOVE\"",\""parameters\"":[{\""passableType\"":\""POSITIONPARAMETERTHREED\"",\""passable\"":{\""vertical\"":1400,\""horizontal\"":1225,\""rot\"":2275,\""meaning\"":\""START\""}},{\""passableType\"":\""POSITIONPARAMETERTHREED\"",\""passable\"":{\""vertical\"":1050,\""horizontal\"":1850,\""rot\"":1800,\""meaning\"":\""END\""}}]}}'"", ""timestamp"": ""2025-05-12T12:00:32.232105+00:00Z""}",0,False,1747051376.5204203,0.03408217430114746
PLC/Island 1/events/received/message,"{""value"": ""b'{\""topicName\"":\""ConveyorBelt01\"",\""timestamp\"":1.747051404222E12,\""message\"":{\""jsonType\"":\""COMMAND\"",\""type\"":\""CONVEYOR\"",\""outputId\"":6,\""name\"":\""MOVE_TO_SENSOR\"",\""parameters\"":[{\""passableType\"":\""DIRECTION\"",\""passable\"":{\""direction\"":\""FORWARD\""}}]}}'"", ""timestamp"": ""2025-05-12T12:00:59.938353+00:00Z""}",0,False,1747051404.22816,0.03259992599487305
PLC/Island 1/events/received/message,"{""value"": ""b'{\""topicName\"":\""VacuumGripper01\"",\""timestamp\"":1.747051404223E12,\""message\"":{\""jsonType\"":\""COMMAND\"",\""type\"":\""VACUUM\"",\""outputId\"":7,\""name\"":\""GO_TO_POSITION\"",\""parameters\"":[{\""passableType\"":\""POSITIONPARAMETERTHREED\"",\""passable\"":{\""vertical\"":0,\""horizontal\"":0,\""rot\"":2675,\""meaning\"":\""START\""}}]}}'"", ""timestamp"": ""2025-05-12T12:00:59.941170+00:00Z""}",0,False,1747051404.22958,0.0014200210571289062
PLC/Island 1/events/received/message,"{""value"": ""b'{\""topicName\"":\""VacuumGripper01\"",\""timestamp\"":1.747051411837E12,\""message\"":{\""jsonType\"":\""COMMAND\"",\""type\"":\""VACUUM\"",\""outputId\"":8,\""name\"":\""MOVE\"",\""parameters\"":[{\""passableType\"":\""POSITIONPARAMETERTHREED\"",\""passable\"":{\""vertical\"":1300,\""horizontal\"":900,\""rot\"":2675,\""meaning\"":\""START\""}},{\""passableType\"":\""POSITIONPARAMETERTHREED\"",\""passable\"":{\""vertical\"":950,\""horizontal\"":1850,\""rot\"":2010,\""meaning\"":\""END\""}}]}}'"", ""timestamp"": ""2025-05-12T12:01:07.554183+00:00Z""}",0,False,1747051411.8419929,0.029667377471923828
PLC/Island 1/events/received/message,"{""value"": ""b'{\""topicName\"":\""VacuumGripper01\"",\""timestamp\"":1.747051431689E12,\""message\"":{\""jsonType\"":\""COMMAND\"",\""type\"":\""VACUUM\"",\""outputId\"":9,\""name\"":\""GO_TO_POSITION\"",\""parameters\"":[{\""passableType\"":\""POSITIONPARAMETERTHREED\"",\""passable\"":{\""vertical\"":0,\""horizontal\"":0,\""rot\"":2010,\""meaning\"":\""START\""}}]}}'"", ""timestamp"": ""2025-05-12T12:01:27.405884+00:00Z""}",0,False,1747051431.6940384,0.02939128875732422
PLC/Island 1/events/received/message,"{""value"": ""b'{\""topicName\"":\""MultiProcessing01\"",\""timestamp\"":1.747051436721E12,\""message\"":{\""jsonType\"":\""COMMAND\"",\""type\"":\""MULTIPROCESSING\"",\""outputId\"":10,\""name\"":\""PROCESS1\"",\""parameters\"":[]}}'"", ""timestamp"": ""2025-05-12T12:01:32.437625+00:00Z""}",0,False,1747051436.727733,0.0006470680236816406
PLC/Island 1/events/received/message,"{""value"": ""b'{\""topicName\"":\""VacuumGripper01\"",\""timestamp\"":1.747051470396E12,\""message\"":{\""jsonType\"":\""COMMAND\"",\""type\"":\""VACUUM\"",\""outputId\"":11,\""name\"":\""GO_TO_POSITION\"",\""parameters\"":[{\""passableType\"":\""POSITIONPARAMETERTHREED\"",\""passable\"":{\""vertical\"":0,\""horizontal\"":0,\""rot\"":1450,\""meaning\"":\""START\""}}]}}'"", ""timestamp"": ""2025-05-12T12:02:06.112845+00:00Z""}",0,False,1747051470.4006658,0.026844501495361328
PLC/Island 1/events/received/message,"{""value"": ""b'{\""topicName\"":\""HighBay01\"",\""timestamp\"":1.747051471961E12,\""message\"":{\""jsonType\"":\""COMMAND\"",\""type\"":\""WAREHOUSE\"",\""outputId\"":12,\""name\"":\""PICKUP_FROM\"",\""parameters\"":[{\""passableType\"":\""NUMBERNATURAL\"",\""passable\"":{\""number\"":1}},{\""passableType\"":\""NUMBERNATURAL\"",\""passable\"":{\""number\"":1}}]}}'"", ""timestamp"": ""2025-05-12T12:02:07.677109+00:00Z""}",0,False,1747051471.9666486,0.04334759712219238
PLC/Island 1/events/received/message,"{""value"": ""b'{\""topicName\"":\""VacuumGripper01\"",\""timestamp\"":1.747051504861E12,\""message\"":{\""jsonType\"":\""COMMAND\"",\""type\"":\""VACUUM\"",\""outputId\"":13,\""name\"":\""MOVE\"",\""parameters\"":[{\""passableType\"":\""POSITIONPARAMETERTHREED\"",\""passable\"":{\""vertical\"":1150,\""horizontal\"":2000,\""rot\"":1450,\""meaning\"":\""START\""}},{\""passableType\"":\""POSITIONPARAMETERTHREED\"",\""passable\"":{\""vertical\"":300,\""horizontal\"":800,\""rot\"":1030,\""meaning\"":\""END\""}}]}}'"", ""timestamp"": ""2025-05-12T12:02:40.577042+00:00Z""}",0,False,1747051504.8661394,0.03200554847717285
PLC/Island 1/events/received/message,"{""value"": ""b'{\""topicName\"":\""VacuumGripper01\"",\""timestamp\"":1.747051527798E12,\""message\"":{\""jsonType\"":\""COMMAND\"",\""type\"":\""VACUUM\"",\""outputId\"":14,\""name\"":\""GO_TO_POSITION\"",\""parameters\"":[{\""passableType\"":\""POSITIONPARAMETERTHREED\"",\""passable\"":{\""vertical\"":0,\""horizontal\"":0,\""rot\"":1450,\""meaning\"":\""START\""}}]}}'"", ""timestamp"": ""2025-05-12T12:03:03.514058+00:00Z""}",0,False,1747051527.8021877,0.02562737464904785
PLC/Island 1/events/received/message,"{""value"": ""b'{\""topicName\"":\""HighBay01\"",\""timestamp\"":1.747051530036E12,\""message\"":{\""jsonType\"":\""COMMAND\"",\""type\"":\""WAREHOUSE\"",\""outputId\"":15,\""name\"":\""STORE_TO\"",\""parameters\"":[{\""passableType\"":\""NUMBERNATURAL\"",\""passable\"":{\""number\"":1}},{\""passableType\"":\""NUMBERNATURAL\"",\""passable\"":{\""number\"":1}}]}}'"", ""timestamp"": ""2025-05-12T12:03:05.751652+00:00Z""}",0,False,1747051530.0405235,0.027483701705932617
